3.133947527136377,1.6651201911294669,1.8565338652467862,0.15601851851851853,0.07546296296296297
4.46948295734139,0.3277934202693479,1.8550194988571391,0.02361111111111111,0.060648148148148145
3.136577557158997,1.669678534714416,0.15054198236864202,0.15601851851851853,-0.07453703703703704
4.47211298736401,0.3323517638542973,0.1490276159789945,0.024537037037037038,-0.0587962962962963
1.9832565707208891,-1.064781041804593,0.9048507734601785,-0.15601851851851853,-0.0125
1.565110995607699,-1.4866354346580726,0.9102534498001933,-0.2412037037037037,-0.013425925925925926
1.9819910816208937,-1.068802873923602,0.49287234756373943,-0.15601851851851853,-0.0699074074074074
1.5638455065077035,-1.4906572667770817,0.49827502390375444,-0.2412037037037037,-0.07268518518518519
1.7526726685824747,4.441312530253489,1.8180249817295389,0.38101851851851853,0.05416666666666667
2.4192933551852054,2.6750040654993597,1.7293049292338387,0.2662037037037037,0.06435185185185185
1.7250855275257733,4.5164972371165,0.11390579297885128,0.38472222222222224,-0.05694444444444444
2.391706214128504,2.750188772362371,0.025185740483150476,0.2726851851851852,-0.08287037037037037
1.3570033787390938,-2.1325737173164057,1.0162002944333917,-0.3189814814814815,0.0023148148148148147
0.8028754185098674,-2.3461333037615866,1.003141945806028,-0.39490740740740743,0.000462962962962963
1.3653898087444467,-2.1291480515289787,0.6042999028229623,-0.31805555555555554,-0.04861111111111111
0.8112618485152204,-2.3427076379741596,0.5912415541955985,-0.39305555555555555,-0.05138888888888889
0.6536349074762787,4.8456977764368245,2.049088118709719,0.45787037037037037,0.06712962962962964
1.8844875800218228,3.4286167058639876,1.8277667930515422,0.3402777777777778,0.06712962962962964
0.5221365953643261,4.996092424494612,0.35482555171176566,0.4671296296296296,-0.03935185185185185
1.75298926790987,3.5790113539217754,0.13350422605358814,0.35509259259259257,-0.06712962962962964
0.7330201374271292,-1.9205722421006786,1.0571575295484497,-0.3837962962962963,0.010648148148148148
0.45431907472474486,-2.4443986622388776,1.084863198032761,-0.4412037037037037,0.010648148148148148
0.7262696800299797,-1.9387475938485983,0.6456139863885364,-0.38472222222222224,-0.052314814814814814
0.4475686173275953,-2.4625740139867975,0.6733196548728478,-0.44212962962962965,-0.04212962962962963
1.2640781548693065,4.668208163661829,1.983982371664586,0.4162037037037037,0.06435185185185185
1.6144514753216288,2.82037610654884,1.797286972081117,0.33564814814814814,0.0763888888888889
1.2398818589150253,4.835141066129609,0.2863416720216988,0.37083333333333335,-0.07083333333333333
1.5902551793673476,2.9873090090166197,0.0996462724382301,0.3458333333333333,-0.08101851851851852
0.5415636914295046,-0.836104449132112,1.1924424839871883,-0.3162037037037037,0.060648148148148145
0.1238059045097672,-1.2457093449877856,1.0897862802811384,-0.46805555555555556,0.02361111111111111
0.5920042731669644,-0.7858463220903832,0.7866422019563277,-0.29398148148148145,-0.06805555555555555
0.17424648624722697,-1.1954512179460568,0.6839859982502778,-0.4532407407407407,-0.08101851851851852
0.0403518839025967,4.36853546428942,1.8157348035157672,0.4976851851851852,0.0587962962962963
1.3290148780601945,2.9918967107596903,1.6880094253151294,0.36712962962962964,0.06620370370370371
-0.03588865587329493,4.455088712317072,0.11363847353051948,0.5023148148148148,-0.06157407407407407
1.2527743382843028,3.078449958787342,-0.014086904670118638,0.3773148148148148,-0.09398148148148149
2.0398147675653084,-0.908180470029781,1.1190222078633867,-0.13287037037037036,0.01712962962962963
1.5091678213440682,-1.154382453302877,1.222145561510023,-0.20694444444444443,0.0375
1.971599221333164,-0.9310702063581962,0.7133539941437645,-0.13935185185185187,-0.0412037037037037
1.440952275111924,-1.177272189631292,0.8164773477904008,-0.21805555555555556,-0.031018518518518518
0.7029046865918942,4.224459728168759,1.9047341516655534,0.4476851851851852,0.06712962962962964
1.3761611176877144,2.4729504449671005,1.6788117278595807,0.33935185185185185,0.07546296296296297
0.628287049065032,4.414252134098068,0.21096703367229597,0.37453703703703706,-0.09675925925925925
1.3015434801608519,2.662742850896411,-0.014955390133677304,0.35509259259259257,-0.10416666666666667
0.1456004134722821,-2.0117326874819925,1.3322033355106757,-0.4773148148148148,0.052314814814814814
-0.09181147583290034,-2.5498021044373615,1.2488192213703664,-0.47824074074074074,0.052314814814814814
0.1680109523918101,-1.9584060180188827,0.9242841839789461,-0.4736111111111111,-0.011574074074074073
-0.06940093691337235,-2.4964754349742515,0.8409000698386369,-0.5078703703703704,-0.01898148148148148
2.4077987328564476,4.500290933850104,1.79940861022983,0.3439814814814815,0.050462962962962966
3.3680789791072345,2.8767711491932593,1.9183445767201361,0.22546296296296298,0.06527777777777778
2.4589161700618356,4.405795645168148,0.09679484040922781,0.3384259259259259,-0.055092592592592596
3.4191964163126225,2.7822758605113034,0.21573080689953383,0.21805555555555556,-0.056018518518518516
0.1296721973805909,-1.1200619618562206,1.0055559850089528,-0.46064814814814814,0.0023148148148148147
-0.07411889770036184,-1.6777258306059541,0.9877733514798414,-0.513425925925926,-0.0023148148148148147
0.14203872456141958,-1.1114521938719537,0.5938316342772635,-0.4587962962962963,-0.10972222222222222
-0.061752370519533216,-1.6691160626216874,0.576049000748152,-0.4597222222222222,-0.11064814814814815
2.6764446204630534,4.368294091373614,1.9294999550864813,0.32546296296296295,0.05694444444444444
2.9321506902910373,2.496041115851987,1.9666950807905073,0.22546296296296298,0.07824074074074074
2.6764446204630534,4.334408517757169,0.22383651586387665,0.324537037037037,-0.047685185185185185
2.9321506902910373,2.462155542235542,0.26103164156790226,0.22268518518518518,-0.059722222222222225
0.39330452446835185,-1.9868821654834337,1.0061363420875409,-0.4375,0.001388888888888889
-0.07023692183712774,-2.340336665659992,1.1203085193540707,-0.5087962962962963,0.01712962962962963
0.3322632610615185,-2.0374270678256043,0.6018305447747916,-0.4476851851851852,-0.059722222222222225
-0.1312781852439611,-2.3908815680021633,0.7160027220413215,-0.5171296296296296,-0.03657407407407407
3.6107319770741846,2.355507457301361,1.9091063193448021,0.18472222222222223,0.06620370370370371
4.013115953058851,0.5089606266544154,1.9303639426098147,0.04027777777777778,0.07268518518518519
3.617071832712422,2.337250611340757,0.20321579126474432,0.18287037037037038,-0.05787037037037037
4.019455808697089,0.49070378069381193,0.2244734145297561,0.03935185185185185,-0.059722222222222225
0.5607553686443141,-1.1039648695643935,1.106196415858636,-0.34953703703703703,0.027314814814814816
0.07475788743181255,-1.4376482310271077,1.033409685134783,-0.4828703703703704,0.00787037037037037
0.6013984105105419,-1.073967960090395,0.6973048301186021,-0.3365740740740741,-0.0763888888888889
0.11540092929804036,-1.407651321553109,0.6245180993947491,-0.4736111111111111,-0.08194444444444444
0.70740231923356,5.241436683990153,1.7794886278428943,0.45694444444444443,0.04675925925925926
1.945306312229498,3.846015255785437,2.0836155138872963,0.3523148148148148,0.07824074074074074
0.8893805876935763,5.03590191660947,0.09572041983333346,0.4449074074074074,-0.055092592592592596
2.1272845806895146,3.6404804884047537,0.3998473058777362,0.33194444444444443,-0.04490740740740741
0.5293831138692205,-1.2770706520722048,1.190103181397021,-0.37453703703703706,0.043055555555555555
0.005901403284961804,-1.5402540717490727,1.0924436205538308,-0.4976851851851852,0.01990740740740741
0.5901432614202251,-1.247124407144561,0.7837099888704825,-0.3587962962962963,-0.04953703703703704
0.06666155083596617,-1.510307826821429,0.6860504280272923,-0.48564814814814816,-0.06435185185185185
3.7954752206428264,3.380422225141051,1.94872182064648,0.2300925925925926,0.060648148148148145
4.761540163197471,1.757616659074177,1.8757770645095655,0.11157407407407408,0.05324074074074074
3.7612136903689226,3.4366533441884997,0.24399304186924053,0.23657407407407408,-0.04490740740740741
4.727278632923567,1.8138477781216258,0.17104828573232478,0.11898148148148148,-0.05324074074074074
1.2989305272484433,-0.41399422264872016,1.2204652786024033,-0.09768518518518518,0.052314814814814814
1.0197815837785171,-0.9382927424002668,1.225256928853154,-0.23564814814814813,0.05138888888888889
1.2980857019859955,-0.4173096236649349,0.8084794846887591,-0.09768518518518518,-0.043055555555555555
1.0189367585160691,-0.9416081434164818,0.8132711349395101,-0.23564814814814813,-0.043055555555555555
3.8854306957631675,3.2668885151810283,1.844953394743173,0.22268518518518518,0.05324074074074074
4.266379406202569,1.4252432548412652,2.032892387163689,0.10324074074074074,0.07175925925925926
3.9200557422486844,3.1008171926324164,0.14740886688936317,0.21342592592592594,-0.05324074074074074
4.301004452688085,1.2591719322926531,0.3353478593098793,0.0912037037037037,-0.04675925925925926
1.9501988013263207,-0.9075875132661619,1.237073884755372,-0.13842592592592592,0.034722222222222224
1.6260613199991603,-1.3918622158691274,1.1219698915767904,-0.22361111111111112,0.018055555555555554
1.9928827113313814,-0.8400887870511254,0.8328882761598209,-0.12731481481481483,-0.02361111111111111
1.6687452300042207,-1.3243634896540908,0.7177842829812393,-0.2125,-0.04027777777777778
2.820334580328547,4.138034552649483,1.7958860517853095,0.3087962962962963,0.050462962962962966
3.592124981786446,2.4363256297285787,2.0798342722693697,0.19027777777777777,0.07731481481481481
2.9291161448370606,3.905938356789144,0.109252145884423,0.29583333333333334,-0.05694444444444444
3.70090654629496,2.2042294338682398,0.3932003663684832,0.17175925925925925,-0.04398148148148148
0.18360726873449804,-2.0438807592216612,1.0924347537455361,-0.47175925925925927,0.014351851851851852
-0.12913897988207318,-2.5350481002132286,0.9750446509498719,-0.5152777777777777,-0.0023148148148148147
0.2262639041366497,-1.9745155686243694,0.6885623952470432,-0.4634259259259259,-0.04861111111111111
-0.08648234447992154,-2.4656829096159365,0.5711722924513791,-0.5106481481481482,-0.05416666666666667
0.5384166806857882,4.707583087974687,1.79325527251371,0.46435185185185185,0.05324074074074074
1.5754974732777884,3.129227814350088,1.7200550949406257,0.35138888888888886,0.06527777777777778
0.5077714056356256,4.7665072174830065,0.08854860734847347,0.4671296296296296,-0.059722222222222225
1.5448521982276255,3.1881519438584083,0.015348429775389416,0.35694444444444445,-0.08564814814814815
1.0160962871133177,-1.0669509828913724,1.082183705913307,-0.2569444444444444,0.018055555555555554
0.6869754963422409,-1.5562869616881772,1.0110089844542847,-0.3662037037037037,0.0023148148148148147
1.044125432118172,-1.0263087333169305,0.6731524420211678,-0.24675925925925926,-0.0699074074074074
0.7150046413470952,-1.5156447121137353,0.6019777205621452,-0.3597222222222222,-0.07361111111111111
2.9257145825810698,2.653565619948808,1.8457502078236008,0.23472222222222222,0.06712962962962964
3.9332064353253995,1.0594727275160793,1.9719569536630566,0.0837962962962963,0.07453703703703704
2.993295270060545,2.5615140071722604,0.14357649405910078,0.22546296296296298,-0.06712962962962964
4.000787122804875,0.9674211147395321,0.2697832398985558,0.0763888888888889,-0.055092592592592596
1.0959769964723258,-1.8148239663856067,0.970715020372518,-0.3263888888888889,-0.004166666666666667
0.656720751779996,-2.2060241618805385,1.0534940765381315,-0.40694444444444444,0.006944444444444444
1.0545133225336158,-1.8545952877119063,0.5627407492908573,-0.3347222222222222,-0.06342592592592593
0.6152570778412861,-2.2457954832068383,0.6455198054564707,-0.41435185185185186,-0.047685185185185185
2.503654576643108,3.9684576972678336,2.030985544906093,0.32175925925925924,0.06898148148148148
3.369919702846095,2.3108861301677415,1.7586964307844288,0.19212962962962962,0.0587962962962963
2.3920212985041402,4.187437499985936,0.3427847691147803,0.33564814814814814,-0.043055555555555555
3.2582864247071273,2.5298659328858446,0.07049565499311616,0.21064814814814814,-0.0699074074074074
1.103282821516018,-1.5772403944995819,1.18644340759304,-0.3050925925925926,0.031018518518518518
0.5922900670022629,-1.8648898195719341,1.2812074251511698,-0.4023148148148148,0.04583333333333333
1.044766860190806,-1.6072796222916734,0.7797278716939873,-0.3162037037037037,-0.034722222222222224
0.5337741056770511,-1.8949290473640255,0.874491889252117,-0.4115740740740741,-0.01990740740740741
2.485754183648139,4.348188730030685,1.8959800909148978,0.3347222222222222,0.05694444444444444
2.518637552586179,2.4769175296052053,1.6326112553958847,0.24861111111111112,0.05694444444444444
2.48439335258552,4.585929885814405,0.2066271699387725,0.2865740740740741,-0.07731481481481481
2.5172767215235603,2.714658685388926,-0.056741665580241074,0.2625,-0.0875
0.8701076609810456,-1.477328584418478,1.2583687329158617,-0.3300925925925926,0.047685185185185185
0.5069312173365147,-1.9323775297136332,1.1406006212485922,-0.41712962962962963,0.022685185185185187
0.9190720918691104,-1.4118990457349203,0.8545550878087346,-0.3162037037037037,-0.027314814814814816
0.5558956482245794,-1.8669479910300757,0.736786976141465,-0.40694444444444444,-0.04212962962962963
1.3911682205125038,4.767613183665825,2.009142694193882,0.4097222222222222,0.06435185185185185
2.2482317297885324,3.0873510138026927,1.8897226809250494,0.300462962962963,0.07268518518518519
1.3387669077828672,4.861891138657135,0.30655590654698817,0.41435185185185186,-0.043055555555555555
2.195830417058896,3.1816289687940027,0.18713589327815527,0.30787037037037035,-0.06527777777777778
1.3435099673665967,-1.9577293219468317,1.272647788856364,-0.30787037037037035,0.03657407407407407
0.782122638196646,-2.1511354263254963,1.2892120856815399,-0.38842592592592595,0.03935185185185185
1.3324635721337352,-1.9609377221629438,0.8608083986419033,-0.3087962962962963,-0.018055555555555554
0.7710762429637847,-2.1543438265416084,0.8773726954670791,-0.38935185185185184,-0.01712962962962963
1.6258351279590473,3.89387962938528,1.6841920469163751,0.3736111111111111,0.05138888888888889
2.948755347280507,2.565912440972113,1.9260299065048336,0.22824074074074074,0.07453703703703704
1.785696162613108,3.7450085886462485,-0.0077647691291492515,0.3587962962962963,-0.07546296296296297
3.108616381934568,2.4170414002330816,0.23407309045930802,0.21064814814814814,-0.059722222222222225
1.5389916519692273,-1.7047787920316022,1.0839970931962302,-0.2652777777777778,0.011574074074074073
1.109538183720321,-2.112909856349925,1.041162662071123,-0.3458333333333333,0.0060185185185185185
1.5572101666704665,-1.6808241432674336,0.6730977617430982,-0.26157407407407407,-0.04490740740740741
1.1277566984215603,-2.088955207585756,0.630263330617991,-0.3421296296296296,-0.04861111111111111
4.3848857479138745,2.296026793338733,1.7817918373645316,0.15416666666666667,0.050462962962962966
4.520933255056893,0.4122288140034701,1.8517654185544674,0.029166666666666667,0.0587962962962963
4.391590244021206,2.233185201131183,0.07696281832772633,0.15046296296296297,-0.0587962962962963
4.527637751164225,0.34938722179591974,0.14693639951766158,0.02546296296296296,-0.0587962962962963
1.0460228018946438,-1.323591870231038,1.038872596282279,-0.2875,0.008796296296296297
0.6608339324420311,-1.7740333286697971,1.0784716263589937,-0.38657407407407407,0.013425925925925926
1.0279262247068843,-1.3442558299935983,0.6277892534134494,-0.2912037037037037,-0.06712962962962964
0.6427373552542717,-1.7946972884323573,0.6673882834901644,-0.38935185185185184,-0.055092592592592596
1.1555082858020151,4.388710498176948,2.011112559991907,0.41898148148148145,0.07083333333333333
1.256281334908258,2.5149810950426663,1.785097024781101,0.35324074074074074,0.08657407407407407
1.147350105767831,4.592578206947343,0.31735714609286103,0.36435185185185187,-0.09305555555555556
1.2481231548740739,2.718848803813062,0.09134161088205517,0.36342592592592593,-0.09305555555555556
1.0821098791862989,-0.8653001379525481,1.0898814439210507,-0.21435185185185185,0.020833333333333332
0.7940463237290495,-1.376115677220089,1.184342437830617,-0.33287037037037037,0.0375
1.0509110861853719,-0.9229242679501759,0.6831258723136452,-0.22916666666666666,-0.07083333333333333
0.7628475307281226,-1.433739807217717,0.7775868662232119,-0.3439814814814815,-0.043055555555555555
0.7412341253282677,4.127315518866856,1.9564784553926926,0.4439814814814815,0.07175925925925926
1.7186448869161342,2.511451288635423,1.8806398377524531,0.30972222222222223,0.08935185185185185
0.7046422927615518,4.185186227301779,0.2518529775823597,0.4476851851851852,-0.055092592592592596
1.682053054349418,2.569321997070346,0.17601435994211911,0.31527777777777777,-0.08287037037037037
1.0128465125064323,-1.2442940082260108,1.0755758669611901,-0.28194444444444444,0.015277777777777777
0.49199484798488224,-1.5093805398827234,1.1817770455743237,-0.399537037037037,0.03657407407407407
0.9467050674371021,-1.2767356625482922,0.670215720218047,-0.2967592592592593,-0.06342592592592593
0.42585340291555224,-1.541822194205005,0.7764168988311806,-0.4134259259259259,-0.04398148148148148
4.011420851930898,2.4454495865656813,1.724608344114308,0.17453703703703705,0.04953703703703704
5.26977199992442,1.0381397877798455,1.8147853988022256,0.0625,0.04861111111111111
4.068463410873583,2.3872627371201056,0.02055539957088981,0.1699074074074074,-0.06342592592592593
5.326814558867104,0.9799529383342697,0.11073245425880696,0.05787037037037037,-0.050462962962962966
0.3456846061501449,-1.5010544526556826,1.1321791753584092,-0.4273148148148148,0.027314814814814816
-0.19683152724974495,-1.7352615376047758,1.071687277252892,-0.5356481481481481,0.013425925925925926
0.3827460004815464,-1.4810478223817787,0.7223375135941191,-0.41898148148148145,-0.05694444444444444
-0.15977013291834347,-1.7152549073308718,0.6618456154886021,-0.5282407407407408,-0.06157407407407407
3.7568482370837715,1.9866627426001604,1.840343888209898,0.1550925925925926,0.0625
5.079568417637971,0.6366588194139294,1.8412730611393915,0.04027777777777778,0.052314814814814814
3.7542434437494236,1.982936400956471,0.13434994641814835,0.1550925925925926,-0.06342592592592593
5.076963624303623,0.6329324777702402,0.13527911934764159,0.04027777777777778,-0.05324074074074074
0.2814036359776637,-1.2782456409699536,0.9798497729397976,-0.4810185185185185,0.010648148148148148
0.09766451322327192,-1.8389938991420247,1.047947678338104,-0.48194444444444445,0.010648148148148148
0.26969336579316655,-1.3241109706736973,0.5705781747323438,-0.43657407407407406,-0.09675925925925925
0.08595424303877482,-1.8848592288457686,0.6386760801306505,-0.4375,-0.09675925925925925
3.06944241432477,2.818528132356767,1.6059841000422796,0.23657407407407408,0.04675925925925926
4.142726178735679,1.2909350457745177,1.9002993885849626,0.09583333333333334,0.06527777777777778
3.21855419003736,2.5986163064883345,-0.07919852222595092,0.21712962962962962,-0.08009259259259259
4.29183795444827,1.0710232199060852,0.21511676631673182,0.07824074074074074,-0.056018518518518516
1.044733020865022,-0.9498152047249028,1.08520988738951,-0.23472222222222222,0.01898148148148148
0.5004571693023883,-1.1604430345363326,0.9745945718030812,-0.3699074074074074,-0.0060185185185185185
1.1206812281850211,-0.9335794355019252,0.6805961577021067,-0.2199074074074074,-0.06805555555555555
0.5764053766223874,-1.144207265313355,0.5699808421156778,-0.350462962962963,-0.10324074074074074
3.268145426498755,1.8950344132552055,1.874686151250518,0.16805555555555557,0.07175925925925926
4.273939360143672,0.29930223229121133,1.9935024361561395,0.022685185185185187,0.07268518518518519
3.3256618176685016,1.8045117087805482,0.17206067730599783,0.1587962962962963,-0.06805555555555555
4.331455751313419,0.2087795278165543,0.2908769622116192,0.016203703703703703,-0.050462962962962966
2.1864653390968525,-1.0450199771304696,1.2420427033466064,-0.1412037037037037,0.03194444444444444
1.9602531613203025,-1.5898194655157607,1.1723463183247447,-0.2162037037037037,0.02175925925925926
2.2001924307737335,-0.998380706861367,0.8329212721196921,-0.13472222222222222,-0.02175925925925926
1.973980252997183,-1.5431801952466584,0.7632248870978305,-0.21064814814814814,-0.03009259259259259
-0.31567687919084947,5.14005990371381,2.0472580491980827,0.5199074074074074,0.06435185185185185
0.776407871384684,3.626108265440414,1.7516209574754646,0.43287037037037035,0.06435185185185185
-0.47180677855789427,5.356474568373416,0.36225830245216406,0.5273148148148148,-0.0375
0.6202779720176392,3.8425229301000208,0.06662121072954608,0.449537037037037,-0.07361111111111111
1.3963538784741558,-1.8156298328860325,1.1915532351297262,-0.2902777777777778,0.02638888888888889
1.096958326905828,-2.3143588578305345,1.0712714913329235,-0.3587962962962963,0.009722222222222222
1.4438193721880286,-1.7468259300313294,0.788121641515783,-0.2800925925925926,-0.029166666666666667
1.1444238206197006,-2.2455549549758316,0.6678398977189804,-0.350462962962963,-0.0412037037037037
4.073988368043927,2.8588944898555333,1.8874014976998057,0.19490740740740742,0.056018518518518516
4.241343931717557,0.9763981943090457,1.9047248998536952,0.07268518518518519,0.06435185185185185
4.076295521928531,2.8434010372243037,0.18147341304289544,0.19305555555555556,-0.052314814814814814
4.243651085602161,0.9609047416778163,0.1987968151967845,0.07175925925925926,-0.0587962962962963
1.3913392656608146,-1.2813788376064086,0.9395587679743769,-0.23657407407407408,-0.009722222222222222
1.0139580954352705,-1.7319247561676165,1.0257437332608688,-0.33101851851851855,0.004166666666666667
1.3562977614600071,-1.330000948497848,0.5319413204901684,-0.24583333333333332,-0.0763888888888889
0.9789165912344631,-1.7805468670590558,0.6181262857766602,-0.33935185185185185,-0.0587962962962963
1.7676191302815285,3.942173678984437,1.892372483622232,0.3662037037037037,0.06527777777777778
3.0599704502833327,2.5637874690317517,1.847875675925874,0.22268518518518518,0.06712962962962964
1.7396189219320912,3.970978674940936,0.18684550912175468,0.36898148148148147,-0.0587962962962963
3.0319702419338954,2.5925924649882504,0.1423487014253959,0.22546296296296298,-0.06712962962962964
2.0759261177730606,-0.8959570282570463,0.8922340891081989,-0.12916666666666668,-0.014351851851851852
1.8525037393264177,-1.4386351461516165,0.9839886984751729,-0.20972222222222223,-0.0023148148148148147
2.0496459629854034,-0.9539602126466956,0.4851849714771286,-0.13842592592592592,-0.07083333333333333
1.8262235845387604,-1.4966383305412658,0.5769395808441024,-0.21805555555555556,-0.056018518518518516
3.1525116060116587,3.5839521161389234,1.7866435103906468,0.2708333333333333,0.052314814814814814
3.814233131731073,1.81487982673181,1.8545293575848691,0.14212962962962963,0.06435185185185185
3.1681524558964003,3.5243797160637276,0.08175568612868223,0.2671296296296296,-0.060648148148148145
3.8298739816158145,1.7553074266566135,0.14964153332290464,0.1375,-0.0625
0.4330594373105077,-1.291978421841617,1.0676227527769369,-0.3958333333333333,0.016203703703703703
-0.0004848711828310537,-1.695827000291501,1.0254126523573501,-0.49953703703703706,0.005092592592592593
0.4521100810042403,-1.2694781996446125,0.6566789451314048,-0.38935185185185184,-0.07916666666666666
0.01856577251090155,-1.6733267780944963,0.6144688447118181,-0.49583333333333335,-0.07175925925925926
2.7371012840776707,1.9907975412890815,1.9142179435856155,0.20046296296296295,0.0837962962962963
3.9457758822243947,0.5638681177432271,1.6402132630011552,0.04583333333333333,0.05138888888888889
2.5764821176340487,2.1788776949938087,0.22624183394167718,0.22361111111111112,-0.07175925925925926
3.785156715780773,0.7519482714479543,-0.04776284664278374,0.0625,-0.0837962962962963
1.8928740081372157,-1.247564597557203,1.2516920225746901,-0.18564814814814815,0.03564814814814815
1.3502146952769722,-1.4694497641153748,1.3472108857655771,-0.26342592592592595,0.055092592592592596
1.8341011600930468,-1.2788547665639032,0.8451078642803349,-0.19305555555555556,-0.02175925925925926
1.291441847232803,-1.500739933122075,0.9406267274712219,-0.27175925925925926,-0.008796296296296297
2.4374724930273395,2.758054499801988,1.6792578918342764,0.26990740740740743,0.0587962962962963
3.5761262135275014,1.2822430305095271,1.9915854912072848,0.10972222222222222,0.08194444444444444
2.6117732885170986,2.5364568839506445,-0.003284748570078322,0.24583333333333332,-0.08472222222222223
3.75042700901726,1.0606454146581838,0.30904285080293004,0.08935185185185185,-0.055092592592592596
0.4214582703821494,-1.918102547722985,0.8929903126082257,-0.4310185185185185,-0.015277777777777777
-0.10571097807387003,-2.190170241153579,0.923119733414671,-0.5152777777777777,-0.009722222222222222
0.4030953916126627,-1.9280889998424882,0.48152090245513895,-0.4337962962962963,-0.08009259259259259
-0.12407385684335687,-2.2001566932730823,0.5116503232615843,-0.5180555555555556,-0.06805555555555555
2.9250526586360435,3.1445486286126245,1.7015150897938804,0.26157407407407407,0.052314814814814814
3.261579367359701,1.3048762618199121,1.9743803951703105,0.12268518518518519,0.08657407407407407
2.969773247224642,2.902341611271143,0.013388367125999334,0.24675925925925926,-0.07361111111111111
3.3062999559482997,1.0626692444784314,0.2862536725024294,0.09953703703703703,-0.06435185185185185
1.035452675554366,-1.1440402879070055,1.1649126916907748,-0.2652777777777778,0.033796296296296297
0.5089390609607591,-1.4085863620208567,1.089847532457585,-0.38935185185185184,0.01898148148148148
1.0819108718853732,-1.1205357782971268,0.7562157698252585,-0.2550925925925926,-0.04953703703703704
0.5553972572917663,-1.385081852410978,0.6811506105920686,-0.37824074074074077,-0.06620370370370371
3.6628260394114918,2.594872735329612,1.6672255766118633,0.19675925925925927,0.047685185185185185
4.850811856009073,1.161370974816986,1.9925908160595267,0.07546296296296297,0.06342592592592593
3.8519067602547272,2.3701359743505424,-0.013303468878653302,0.1763888888888889,-0.0699074074074074
5.039892576852308,0.9366342138379165,0.31206177056900986,0.0587962962962963,-0.04212962962962963
1.3449783949117418,-1.066754361058209,1.0911762933151465,-0.21342592592592594,0.01712962962962963
1.003656177421545,-1.5421636785833945,1.1927694562218314,-0.3162037037037037,0.033796296296296297
1.3032343911807471,-1.123529478177274,0.6852476974783442,-0.22546296296296298,-0.05694444444444444
0.9619121736905502,-1.5989387957024594,0.7868408603850291,-0.3263888888888889,-0.03657407407407407
-0.31759980053448406,5.376736239106165,1.8082029985104553,0.5189814814814815,0.047685185185185185
0.69205842269944,3.7907128365269256,2.0011289788147257,0.44305555555555554,0.08009259259259259
-0.22984548094721374,5.226165930084661,0.11112793699432477,0.5143518518518518,-0.05324074074074074
0.7798127422867104,3.640142527505421,0.30405391729859466,0.43287037037037035,-0.0587962962962963
1.4394166562349044,-0.6061945595866803,1.224167343131078,-0.12638888888888888,0.04583333333333333
0.9668544501150984,-0.9659119752662538,1.2130149415832838,-0.24953703703703703,0.04953703703703704
1.44871524319915,-0.6056400832836365,0.8122726613863313,-0.12546296296296297,-0.0375
0.9761530370793436,-0.9653574989632101,0.8011202598385371,-0.24768518518518517,-0.04583333333333333
0.4331545878544659,4.347696597675387,1.8750659534056684,0.4689814814814815,0.06342592592592593
1.5620117903181368,2.8343370672509747,1.7883221967512524,0.3402777777777778,0.0763888888888889
0.3797532683414543,4.405544538219963,0.17088347633855017,0.4726851851851852,-0.0587962962962963
1.5086104708051253,2.8921850077955504,0.08413971968413314,0.34675925925925927,-0.08657407407407407
1.6679188138328238,-1.3525305957843459,1.2639151011231033,-0.2162037037037037,0.038425925925925926
1.4442397429126954,-1.8923750772402534,1.157277357107893,-0.29212962962962963,0.02175925925925926
1.699483299995118,-1.2855500679427407,0.8586234874781634,-0.20601851851851852,-0.020833333333333332
1.4758042290749893,-1.8253945493986483,0.751985743462953,-0.28379629629629627,-0.03287037037037037
-0.4049694527609392,5.019680770270035,1.7975616775147594,0.4828703703703704,0.0699074074074074
0.5645266372797492,3.401787549248758,1.9183890598252278,0.4476851851851852,0.08287037037037037
-0.345693953040626,4.9280541959407,0.09505558721635832,0.5226851851851851,-0.05787037037037037
0.6238021370000629,3.3101609749194223,0.21588296952682617,0.4412037037037037,-0.07268518518518519
1.2911826075976407,-1.7366108635453084,0.9539464679008678,-0.2967592592592593,-0.005092592592592593
0.7578403612208175,-1.9975016632586462,0.9717805429579216,-0.38472222222222224,-0.005092592592592593
1.2814957119881107,-1.7449579145332759,0.5421449492073016,-0.2967592592592593,-0.06435185185185185
0.7481534656112876,-2.0058487142466137,0.5599790242643556,-0.38472222222222224,-0.06527777777777778
0.9582773941615172,4.117373444784445,1.8161515607518597,0.4273148148148148,0.06157407407407407
2.217007860780053,2.729081417149457,2.0617997663249223,0.2828703703703704,0.09305555555555556
1.1053382830323124,3.9514064852996773,0.12462442061639067,0.4134259259259259,-0.06620370370370371
2.3640687496508486,2.563114457664689,0.37027262618945356,0.26342592592592595,-0.05694444444444444
1.027475714838403,-1.8630297175710044,1.063473173611824,-0.33935185185185185,0.009722222222222222
0.5023544853781112,-2.1170185142150246,1.175604432562732,-0.425462962962963,0.02546296296296296
0.9575017417904454,-1.8969786756595715,0.6588806478050582,-0.350462962962963,-0.050462962962962966
0.4323805123301538,-2.1509674723035914,0.7710119067559664,-0.4356481481481482,-0.03287037037037037
1.5755524852183735,4.2624028298753345,1.9229693771572105,0.3875,0.06435185185185185
2.2889615562552907,2.514921209814103,1.8257295804248561,0.2652777777777778,0.0763888888888889
1.540395293145211,4.342855635984095,0.219230160592364,0.3912037037037037,-0.052314814814814814
2.2538043641821277,2.5953740159228644,0.12199036386000894,0.2726851851851852,-0.07916666666666666
1.9101267521748628,-1.1436720194476007,0.9916353952714574,-0.17175925925925925,-0.0032407407407407406
1.4738401294669452,-1.5464233328761041,1.0084094282790814,-0.25601851851851853,0.0032407407407407406
1.9028632492195938,-1.152955920581233,0.5798040575782593,-0.17546296296296296,-0.060648148148148145
1.4665766265116762,-1.5557072340097367,0.5965780905858833,-0.26064814814814813,-0.05787037037037037
